road,id,model_type,name,lat,lon,length
N1,1000000,source,source,23.7060278,90.443333,814
N1,1000001,link,link 1,23.704472250000002,90.44687485,10
N1,1000002,bridge,bridge 1,23.7029167,90.4504167,8
N1,1000003,link,link 2,23.7027778,90.4504722,1307
N1,1000004,bridge,bridge 2,23.6973608,90.4616667,870
N1,1000005,link,link 3,23.693833,90.4691382,5010
N1,1000006,bridge,bridge 3,23.7021111,90.5157778,492
N1,1000007,link,link 4,23.7050278,90.5193327,1112
N1,1000008,bridge,bridge 4,23.7015278,90.5281938,347
N1,1000009,link,link 5,23.700694300000002,90.5294577,10
N1,1000010,bridge,bridge 5,23.6998608,90.5307216,414
N1,1000011,link,link 6,23.69863855,90.5322495,10
N1,1000012,bridge,bridge 6,23.6974163,90.5337774,125
N1,1000013,link,link 7,23.6966386,90.5348052,381
N1,1000014,bridge,bridge 7,23.6943608,90.5376108,428
N1,1000015,link,link 8,23.693319099999997,90.539333,10
N1,1000016,bridge,bridge 8,23.6922774,90.5410552,183
N1,1000017,link,link 9,23.6918052,90.5426108,247
N1,1000018,bridge,bridge 9,23.6911108,90.5448886,191
N1,1000019,link,link 10,23.6904163,90.546583,736
N1,1000020,bridge,bridge 10,23.6854997,90.5512778,851
N1,1000021,link,link 11,23.678166,90.5556111,1039
N1,1000022,bridge,bridge 11,23.6705827,90.5599722,960
N1,1000023,link,link 12,23.6628333,90.5641111,718
N1,1000024,bridge,bridge 12,23.6591111,90.5697216,282
N1,1000025,link,link 13,23.6575,90.5719716,306
N1,1000026,bridge,bridge 13,23.6559722,90.5743327,373
N1,1000027,link,link 14,23.6550139,90.57580490000001,10
N1,1000028,bridge,bridge 14,23.6540556,90.5772771,320
N1,1000029,link,link 15,23.6525278,90.5798882,338
N1,1000030,bridge,bridge 15,23.6508889,90.5826382,661
N1,1000031,link,link 16,23.6476108,90.588083,353
N1,1000032,bridge,bridge 16,23.6449441,90.5899163,643
N1,1000033,link,link 17,23.6423469,90.5913052,10
N1,1000034,bridge,bridge 17,23.6397497,90.5926941,3
N1,1000035,link,link 18,23.6396941,90.5927219,817
N1,1000036,bridge,bridge 18,23.6341108,90.5970274,182
N1,1000037,link,link 19,23.6330549,90.5982774,974
N1,1000038,bridge,bridge 19,23.6262771,90.6042222,130
N1,1000039,link,link 20,23.6252216,90.6049722,135
N1,1000040,bridge,bridge 20,23.6242216,90.6055278,486
N1,1000041,link,link 21,23.6223466,90.60675,10
N1,1000042,bridge,bridge 21,23.6204716,90.6079722,377
N1,1000043,link,link 22,23.6173604,90.6096944,934
N1,1000044,bridge,bridge 22,23.6095556,90.6121944,65
N1,1000045,link,link 23,23.609,90.6124722,873
N1,1000046,bridge,bridge 23,23.6018611,90.6159722,126
N1,1000047,link,link 24,23.6009444,90.6165556,1009
N1,1000048,bridge,bridge 24,23.5959441,90.6246938,673
N1,1000049,link,link 25,23.593846900000003,90.62701325,10
N1,1000050,bridge,bridge 25,23.5917497,90.6293327,316
N1,1000051,link,link 26,23.5896108,90.6313882,873
N1,1000052,bridge,bridge 26,23.5837497,90.6369441,126
N1,1000053,link,link 27,23.5828327,90.6378886,38
N1,1000054,bridge,bridge 27,23.5825827,90.6381386,695
N1,1000055,link,link 28,23.58009655,90.6401247,10
N1,1000056,bridge,bridge 28,23.5776104,90.6421108,396
N1,1000057,link,link 29,23.5745271,90.6436941,307
N1,1000058,bridge,bridge 29,23.572166,90.6451108,692
N1,1000059,link,link 30,23.5666111,90.6481663,367
N1,1000060,bridge,bridge 30,23.5639167,90.6501944,570
N1,1000061,link,link 31,23.5621667,90.65220830000001,10
N1,1000062,bridge,bridge 31,23.5604167,90.6542222,77
N1,1000063,link,link 32,23.5599722,90.6548056,573
N1,1000064,bridge,bridge 32,23.5564444,90.6588611,435
N1,1000065,link,link 33,23.5538056,90.6619722,241
N1,1000066,bridge,bridge 33,23.5523333,90.6636667,582
N1,1000067,link,link 34,23.5487497,90.6678327,224
N1,1000068,bridge,bridge 34,23.5474163,90.6694438,519
N1,1000069,link,link 35,23.5458191,90.6712771,10
N1,1000070,bridge,bridge 35,23.5442219,90.6731104,256
N1,1000071,link,link 36,23.542583,90.6749438,1033
N1,1000072,bridge,bridge 36,23.536083,90.6821382,315
N1,1000073,link,link 37,23.535110799999998,90.68322169999999,10
N1,1000074,bridge,bridge 37,23.5341386,90.6843052,650
N1,1000075,link,link 38,23.5301938,90.688833,664
N1,1000076,bridge,bridge 38,23.529916,90.6952219,335
N1,1000077,link,link 39,23.5301382,90.6984997,1078
N1,1000078,bridge,bridge 39,23.5307771,90.7090278,354
N1,1000079,link,link 40,23.5313882,90.7153611,503
N1,1000080,bridge,bridge 40,23.5315271,90.7173604,64
N1,1000081,link,link 41,23.5317216,90.7180271,512
N1,1000082,bridge,bridge 41,23.5322346,90.7226298386,487
N1,1000083,link,link 42,23.5327216,90.7269993,2621
N1,1000084,bridge,bridge 42,23.5293882,90.7514167,40
N1,1000085,link,link 43,23.529416,90.75175,2185
N1,1000086,bridge,bridge 43,23.5304993,90.7731104,814
N1,1000087,link,link 44,23.5308049,90.7811104,892
N1,1000088,bridge,bridge 44,23.5312216,90.7895552,107
N1,1000089,link,link 45,23.531166,90.7907219,1402
N1,1000090,bridge,bridge 45,23.5308882,90.8041389,597
N1,1000091,link,link 46,23.5316382,90.8099167,1594
N1,1000092,bridge,bridge 46,23.5346663,90.8249716,405
N1,1000093,link,link 47,23.5344997,90.8287216,1367
N1,1000094,bridge,bridge 47,23.5270549,90.8391386,632
N1,1000095,link,link 48,23.523166,90.8438886,3064
N1,1000096,bridge,bridge 48,23.5133056,90.8703049,143
N1,1000097,link,link 49,23.5126667,90.871416,2714
N1,1000098,bridge,bridge 49,23.5056111,90.8958886,77
N1,1000099,link,link 50,23.5056389,90.8966108,1911
N1,1000100,bridge,bridge 50,23.50575,90.91525,88
N1,1000101,link,link 51,23.5057222,90.9160278,2273
N1,1000102,bridge,bridge 51,23.5038611,90.9371386,351
N1,1000103,link,link 52,23.5033611,90.93920800000001,10
N1,1000104,bridge,bridge 52,23.5028611,90.9412774,375
N1,1000105,link,link 53,23.5020278,90.9448886,2274
N1,1000106,bridge,bridge 53,23.4980552,90.9660278,182
N1,1000107,link,link 54,23.4972774,90.9674716,1694
N1,1000108,bridge,bridge 54,23.4951386,90.9829993,305
N1,1000109,link,link 55,23.4942497,90.985833,2801
N1,1000110,bridge,bridge 55,23.4890552,91.0120278,227
N1,1000111,link,link 56,23.488333,91.0140833,2933
N1,1000112,bridge,bridge 56,23.481166,91.0404441,140
N1,1000113,link,link 57,23.4814716,91.0419719,871
N1,1000114,bridge,bridge 57,23.4820827,91.0504167,128
N1,1000115,link,link 58,23.4821382,91.0516944,2944
N1,1000116,bridge,bridge 58,23.4770827,91.0789993,55
N1,1000117,link,link 59,23.4770271,91.0794716,2513
N1,1000118,bridge,bridge 59,23.4778604,91.1036111,486
N1,1000119,link,link 60,23.4779993,91.1055278,972
N1,1000120,bridge,bridge 60,23.4789438,91.1177216,27
N1,1000121,link,link 61,23.4789716,91.1179993,564
N1,1000122,bridge,bridge 61,23.4793327,91.1234716,435
N1,1000123,link,link 62,23.4800827,91.1276382,4303
N1,1000124,bridge,bridge 62,23.448833,91.1471386,233
N1,1000125,link,link 63,23.4469441,91.1481386,3155
N1,1000126,bridge,bridge 63,23.4235827,91.1629722,545
N1,1000127,link,link 64,23.4213604,91.167666,1566
N1,1000128,bridge,bridge 64,23.4131111,91.1846663,488
N1,1000129,link,link 65,23.4125,91.1893886,2072
N1,1000130,bridge,bridge 65,23.4100278,91.2090833,980
N1,1000131,link,link 66,23.4048056,91.2165278,171
N1,1000132,bridge,bridge 66,23.40375,91.2176382,828
N1,1000133,link,link 67,23.398213447804338,91.22288776581436,1010
N1,1000134,bridge,bridge 67,23.3914441,91.2293049,891
N1,1000135,link,link 68,23.38826355,91.23193005,10
N1,1000136,bridge,bridge 68,23.385083,91.2345552,15
N1,1000137,link,link 69,23.385027450000003,91.234583,10
N1,1000138,bridge,bridge 69,23.3849719,91.2346108,82
N1,1000139,link,link 70,23.3843886,91.2351108,897
N1,1000140,bridge,bridge 70,23.3779716,91.2403608,102
N1,1000141,link,link 71,23.377166,91.2409163,1170
N1,1000142,bridge,bridge 71,23.3683327,91.2471108,904
N1,1000143,link,link 72,23.3615278,91.2515556,365
N1,1000144,bridge,bridge 72,23.3586389,91.25325,634
N1,1000145,link,link 73,23.3536944,91.2561389,686
N1,1000146,bridge,bridge 73,23.3486386,91.2599444,313
N1,1000147,link,link 74,23.3463608,91.2616944,1443
N1,1000148,bridge,bridge 74,23.3360274,91.2700549,187
N1,1000149,link,link 75,23.3347219,91.271166,1441
N1,1000150,bridge,bridge 75,23.324166,91.2791104,927
N1,1000151,link,link 76,23.3171382,91.2836941,269
N1,1000152,bridge,bridge 76,23.3149444,91.2844719,617
N1,1000153,link,link 77,23.31229165,91.28530525,10
N1,1000154,bridge,bridge 77,23.3096389,91.2861386,112
N1,1000155,link,link 78,23.3086944,91.2864163,546
N1,1000156,bridge,bridge 78,23.30425,91.288583,453
N1,1000157,link,link 79,23.3006111,91.290333,518
N1,1000158,bridge,bridge 79,23.296083,91.2914997,481
N1,1000159,link,link 80,23.2919163,91.2922219,501
N1,1000160,bridge,bridge 80,23.2876663,91.2936386,498
N1,1000161,link,link 81,23.283583,91.2952219,774
N1,1000162,bridge,bridge 81,23.2787216,91.3002778,225
N1,1000163,link,link 82,23.2768882,91.3011944,1115
N1,1000164,bridge,bridge 82,23.2677493,91.3054722,277
N1,1000165,link,link 83,23.26659685,91.3059583,10
N1,1000166,bridge,bridge 83,23.2654444,91.3064444,202
N1,1000167,link,link 84,23.26455555,91.3065972,10
N1,1000168,bridge,bridge 84,23.2636667,91.30675,404
N1,1000169,link,link 85,23.2601111,91.3072778,155
N1,1000170,bridge,bridge 85,23.2587222,91.3074444,844
N1,1000171,link,link 86,23.2511944,91.3086389,173
N1,1000172,bridge,bridge 86,23.249833,91.3091944,186
N1,1000173,link,link 87,23.249083,91.3095,10
N1,1000174,bridge,bridge 87,23.248333,91.3098056,369
N1,1000175,link,link 88,23.246805199999997,91.3104306,10
N1,1000176,bridge,bridge 88,23.2452774,91.3110556,270
N1,1000177,link,link 89,23.243083,91.3119167,162
N1,1000178,bridge,bridge 89,23.2416941,91.3123611,816
N1,1000179,link,link 90,23.238096900000002,91.3127639,10
N1,1000180,bridge,bridge 90,23.2344997,91.3131667,20
N1,1000181,link,link 91,23.2343052,91.3131667,314
N1,1000182,bridge,bridge 91,23.2314993,91.3132222,447
N1,1000183,link,link 92,23.2295271,91.31337500000001,10
N1,1000184,bridge,bridge 92,23.2275549,91.3135278,237
N1,1000185,link,link 93,23.2253882,91.3135833,777
N1,1000186,bridge,bridge 93,23.2184993,91.3143889,222
N1,1000187,link,link 94,23.2165556,91.3149167,717
N1,1000188,bridge,bridge 94,23.2103056,91.3157222,282
N1,1000189,link,link 95,23.2078889,91.3159722,771
N1,1000190,bridge,bridge 95,23.201,91.3168049,228
N1,1000191,link,link 96,23.1990274,91.3170549,864
N1,1000192,bridge,bridge 96,23.1921108,91.3185549,135
N1,1000193,link,link 97,23.1909997,91.3192493,522
N1,1000194,bridge,bridge 97,23.1866941,91.3212493,477
N1,1000195,link,link 98,23.1826382,91.3210827,613
N1,1000196,bridge,bridge 98,23.1773604,91.3198049,515
N1,1000197,link,link 99,23.172916,91.3205271,546
N1,1000198,bridge,bridge 99,23.1681382,91.3213604,453
N1,1000199,link,link 100,23.1641389,91.3214993,792
N1,1000200,bridge,bridge 100,23.1571667,91.3224993,207
N1,1000201,link,link 101,23.1554167,91.3232771,900
N1,1000202,bridge,bridge 101,23.1480274,91.3264993,99
N1,1000203,link,link 102,23.1471663,91.3266938,420
N1,1000204,bridge,bridge 102,23.1433886,91.326666,579
N1,1000205,link,link 103,23.1382219,91.3263049,102
N1,1000206,bridge,bridge 103,23.1374163,91.3264716,897
N1,1000207,link,link 104,23.1295827,91.3284993,69
N1,1000208,bridge,bridge 104,23.1290827,91.3287216,675
N1,1000209,link,link 105,23.126291000000002,91.3299299,10
N1,1000210,bridge,bridge 105,23.1234993,91.3311382,254
N1,1000211,link,link 106,23.1213327,91.3320549,247
N1,1000212,bridge,bridge 106,23.1193049,91.3329993,27
N1,1000213,link,link 107,23.1191382,91.3330827,1075
N1,1000214,bridge,bridge 107,23.1108056,91.3381386,719
N1,1000215,link,link 108,23.107958349999997,91.3397497,10
N1,1000216,bridge,bridge 108,23.1051111,91.3413608,204
N1,1000217,link,link 109,23.1035,91.3422497,367
N1,1000218,bridge,bridge 109,23.1005833,91.3437774,550
N1,1000219,link,link 110,23.0983887,91.34494409999999,10
N1,1000220,bridge,bridge 110,23.0961941,91.3461108,81
N1,1000221,link,link 111,23.095583,91.3464441,688
N1,1000222,bridge,bridge 111,23.0901108,91.3494163,311
N1,1000223,link,link 112,23.0876108,91.3508889,344
N1,1000224,bridge,bridge 112,23.0849719,91.3524722,527
N1,1000225,link,link 113,23.0828884,91.35366665,10
N1,1000226,bridge,bridge 113,23.0808049,91.3548611,210
N1,1000227,link,link 114,23.0792493,91.3558333,765
N1,1000228,bridge,bridge 114,23.0732493,91.3594167,234
N1,1000229,link,link 115,23.0712493,91.3599722,885
N1,1000230,bridge,bridge 115,23.0636944,91.3616389,18
N1,1000231,link,link 116,23.0635278,91.3616389,2328
N1,1000232,bridge,bridge 116,23.0427774,91.3654444,336
N1,1000233,link,link 117,23.0398052,91.3656111,1203
N1,1000234,bridge,bridge 117,23.029416,91.3656389,287
N1,1000235,link,link 118,23.0269716,91.3655,1151
N1,1000236,bridge,bridge 118,23.0185271,91.3708327,723
N1,1000237,link,link 119,23.016305199999998,91.37340215,10
N1,1000238,bridge,bridge 119,23.0140833,91.3759716,125
N1,1000239,link,link 120,23.0132778,91.3769438,3106
N1,1000240,bridge,bridge 120,22.9961941,91.4005,939
N1,1000241,link,link 121,22.9906941,91.4072222,4830
N1,1000242,bridge,bridge 121,22.9624167,91.4416941,219
N1,1000243,link,link 122,22.9611667,91.4433886,6350
N1,1000244,bridge,bridge 122,22.9496663,91.5007778,719
N1,1000245,link,link 123,22.9482774,91.50725,4134
N1,1000246,bridge,bridge 123,22.9156667,91.5259438,865
N1,1000247,link,link 124,22.9085833,91.5294993,463
N1,1000248,bridge,bridge 124,22.9046667,91.5314438,536
N1,1000249,link,link 125,22.9003333,91.5333608,937
N1,1000250,bridge,bridge 125,22.8921663,91.5353052,62
N1,1000251,link,link 126,22.8916386,91.5354719,1000
N1,1000252,bridge,bridge 126,22.8829993,91.5381663,914
N1,1000253,link,link 127,22.87908265,91.5394441,10
N1,1000254,bridge,bridge 127,22.875166,91.5407219,85
N1,1000255,link,link 128,22.8744438,91.5409719,162
N1,1000256,bridge,bridge 128,22.8731382,91.5414441,556
N1,1000257,link,link 129,22.870777099999998,91.5423052,10
N1,1000258,bridge,bridge 129,22.868416,91.5431663,281
N1,1000259,link,link 130,22.8661111,91.5439997,575
N1,1000260,bridge,bridge 130,22.86111772310757,91.54512584501992,177
N1,1000261,link,link 131,22.860350511553783,91.54529887250996,10
N1,1000262,bridge,bridge 131,22.8595833,91.5454719,246
N1,1000263,link,link 132,22.8575556,91.5456386,164
N1,1000264,bridge,bridge 132,22.856,91.5457219,113
N1,1000265,link,link 133,22.8555278,91.54577745,10
N1,1000266,bridge,bridge 133,22.8550556,91.545833,721
N1,1000267,link,link 134,22.8486663,91.5463608,16
N1,1000268,bridge,bridge 134,22.8485274,91.5463886,390
N1,1000269,link,link 135,22.846874649999997,91.546958,10
N1,1000270,bridge,bridge 135,22.8452219,91.5475274,240
N1,1000271,link,link 136,22.8442358,91.54787465000001,10
N1,1000272,bridge,bridge 136,22.8432497,91.5482219,352
N1,1000273,link,link 137,22.8401941,91.5490552,313
N1,1000274,bridge,bridge 137,22.8372497,91.5492497,686
N1,1000275,link,link 138,22.8313882,91.5503611,872
N1,1000276,bridge,bridge 138,22.8239438,91.5528333,127
N1,1000277,link,link 139,22.8228049,91.5531389,1340
N1,1000278,bridge,bridge 139,22.8110556,91.5563889,406
N1,1000279,link,link 140,22.809527799999998,91.55715280000001,10
N1,1000280,bridge,bridge 140,22.808,91.5579167,252
N1,1000281,link,link 141,22.8069861,91.55841670000001,10
N1,1000282,bridge,bridge 141,22.8059722,91.5589167,1
N1,1000283,link,link 142,22.8059444,91.5589167,155
N1,1000284,bridge,bridge 142,22.8045833,91.5591111,844
N1,1000285,link,link 143,22.7974719,91.5613611,492
N1,1000286,bridge,bridge 143,22.7934163,91.5633333,472
N1,1000287,link,link 144,22.791513549999998,91.56438885,10
N1,1000288,bridge,bridge 144,22.7896108,91.5654444,34
N1,1000289,link,link 145,22.7893608,91.5655833,993
N1,1000290,bridge,bridge 145,22.7813327,91.5695271,6
N1,1000291,link,link 146,22.7812216,91.5695827,15
N1,1000292,bridge,bridge 146,22.7811382,91.5696382,485
N1,1000293,link,link 147,22.7771104,91.5713327,474
N1,1000294,bridge,bridge 147,22.7732771,91.5733604,24
N1,1000295,link,link 148,22.7730271,91.5734716,468
N1,1000296,bridge,bridge 148,22.7693604,91.5756104,2
N1,1000297,link,link 149,22.7677774,91.57680485,10
N1,1000298,bridge,bridge 149,22.7661944,91.5779993,528
N1,1000299,link,link 150,22.7654722,91.5785549,453
N1,1000300,bridge,bridge 150,22.7621944,91.5811382,546
N1,1000301,link,link 151,22.7585278,91.5845274,819
N1,1000302,bridge,bridge 151,22.7526389,91.5893608,180
N1,1000303,link,link 152,22.7513333,91.5903608,231
N1,1000304,bridge,bridge 152,22.7496386,91.5916386,768
N1,1000305,link,link 153,22.7435552,91.5949163,32
N1,1000306,bridge,bridge 153,22.7433052,91.5950274,967
N1,1000307,link,link 154,22.7349997,91.5979441,12
N1,1000308,bridge,bridge 154,22.7349163,91.5979719,987
N1,1000309,link,link 155,22.7263882,91.6007778,539
N1,1000310,bridge,bridge 155,22.7221104,91.6030833,460
N1,1000311,link,link 156,22.7185549,91.6053056,260
N1,1000312,bridge,bridge 156,22.7165556,91.6065556,74
N1,1000313,link,link 157,22.7162778,91.60673614999999,10
N1,1000314,bridge,bridge 157,22.716,91.6069167,215
N1,1000315,link,link 158,22.7143889,91.6079444,256
N1,1000316,bridge,bridge 158,22.7124167,91.6090556,606
N1,1000317,link,link 159,22.7100139,91.6104306,10
N1,1000318,bridge,bridge 159,22.7076111,91.6118056,137
N1,1000319,link,link 160,22.7065556,91.6123611,67
N1,1000320,bridge,bridge 160,22.706,91.6126944,342
N1,1000321,link,link 161,22.704652799999998,91.61345829999999,10
N1,1000322,bridge,bridge 161,22.7033056,91.6142222,381
N1,1000323,link,link 162,22.7017639,91.61500000000001,10
N1,1000324,bridge,bridge 162,22.7002222,91.6157778,219
N1,1000325,link,link 163,22.6984997,91.616666,783
N1,1000326,bridge,bridge 163,22.6919719,91.6198604,216
N1,1000327,link,link 164,22.6904163,91.6205271,98
N1,1000328,bridge,bridge 164,22.689583,91.6208327,543
N1,1000329,link,link 165,22.687333,91.6218327,10
N1,1000330,bridge,bridge 165,22.685083,91.6228327,317
N1,1000331,link,link 166,22.6825549,91.6241938,669
N1,1000332,bridge,bridge 166,22.6769438,91.6268327,230
N1,1000333,link,link 167,22.676040999999998,91.62713825,10
N1,1000334,bridge,bridge 167,22.6751382,91.6274438,99
N1,1000335,link,link 168,22.6743049,91.6277493,251
N1,1000336,bridge,bridge 168,22.6722493,91.6285271,506
N1,1000337,link,link 169,22.67005485,91.62931875000001,10
N1,1000338,bridge,bridge 169,22.6678604,91.6301104,370
N1,1000339,link,link 170,22.6649167,91.6315549,137
N1,1000340,bridge,bridge 170,22.6638333,91.6321382,540
N1,1000341,link,link 171,22.661749999999998,91.63343005,10
N1,1000342,bridge,bridge 171,22.6596667,91.6347219,322
N1,1000343,link,link 172,22.6571389,91.636333,356
N1,1000344,bridge,bridge 172,22.6543889,91.6381386,208
N1,1000345,link,link 173,22.653583349999998,91.63865245,10
N1,1000346,bridge,bridge 173,22.6527778,91.6391663,411
N1,1000347,link,link 174,22.6494997,91.640833,67
N1,1000348,bridge,bridge 174,22.6489997,91.6411108,462
N1,1000349,link,link 175,22.64713855,91.64208300000001,10
N1,1000350,bridge,bridge 175,22.6452774,91.6430552,469
N1,1000351,link,link 176,22.641583,91.6451108,974
N1,1000352,bridge,bridge 176,22.6338608,91.6494719,86
N1,1000353,link,link 177,22.6330827,91.649833,134
N1,1000354,bridge,bridge 177,22.6320271,91.6503889,782
N1,1000355,link,link 178,22.62897155,91.65226390000001,10
N1,1000356,bridge,bridge 178,22.625916,91.6541389,82
N1,1000357,link,link 179,22.6252216,91.6545278,218
N1,1000358,bridge,bridge 179,22.6234716,91.6553056,332
N1,1000359,link,link 180,22.6220827,91.65583335,10
N1,1000360,bridge,bridge 180,22.6206938,91.6563611,163
N1,1000361,link,link 181,22.62009655,91.65662499999999,10
N1,1000362,bridge,bridge 181,22.6194993,91.6568889,272
N1,1000363,link,link 182,22.618513200000002,91.65756945,10
N1,1000364,bridge,bridge 182,22.6175271,91.65825,91
N1,1000365,link,link 183,22.6169716,91.65875,15
N1,1000366,bridge,bridge 183,22.6168604,91.6588611,611
N1,1000367,link,link 184,22.61462465,91.66054165,10
N1,1000368,bridge,bridge 184,22.6123889,91.6622222,372
N1,1000369,link,link 185,22.6094444,91.6638333,72
N1,1000370,bridge,bridge 185,22.6088889,91.6641111,951
N1,1000371,link,link 186,22.6015833,91.6688327,129
N1,1000372,bridge,bridge 186,22.601,91.6692771,115
N1,1000373,link,link 187,22.600527800000002,91.66961045,10
N1,1000374,bridge,bridge 187,22.6000556,91.6699438,48
N1,1000375,link,link 188,22.599749850000002,91.67012435000001,10
N1,1000376,bridge,bridge 188,22.5994441,91.6703049,681
N1,1000377,link,link 189,22.596833,91.67204100000001,10
N1,1000378,bridge,bridge 189,22.5942219,91.6737771,25
N1,1000379,link,link 190,22.5939997,91.6738327,407
N1,1000380,bridge,bridge 190,22.5907497,91.6754716,757
N1,1000381,link,link 191,22.584583,91.6780827,116
N1,1000382,bridge,bridge 191,22.5836663,91.6784716,368
N1,1000383,link,link 192,22.580666,91.6799438,331
N1,1000384,bridge,bridge 192,22.5779438,91.6811382,182
N1,1000385,link,link 193,22.5763604,91.6818049,377
N1,1000386,bridge,bridge 193,22.5731938,91.6830827,622
N1,1000387,link,link 194,22.5679716,91.6846941,177
N1,1000388,bridge,bridge 194,22.5664722,91.6851663,275
N1,1000389,link,link 195,22.565305549999998,91.68554130000001,10
N1,1000390,bridge,bridge 195,22.5641389,91.6859163,230
N1,1000391,link,link 196,22.56330555,91.68613855000001,10
N1,1000392,bridge,bridge 196,22.5624722,91.6863608,316
N1,1000393,link,link 197,22.5594444,91.6872219,1082
N1,1000394,bridge,bridge 197,22.5503056,91.6902774,855
N1,1000395,link,link 198,22.5438886,91.6945274,118
N1,1000396,bridge,bridge 198,22.5428608,91.6950274,882
N1,1000397,link,link 199,22.5354997,91.6979441,90
N1,1000398,bridge,bridge 199,22.5347774,91.698333,909
N1,1000399,link,link 200,22.5273049,91.7019444,956
N1,1000400,bridge,bridge 200,22.519416,91.7053611,82
N1,1000401,link,link 201,22.5187216,91.7055556,276
N1,1000402,bridge,bridge 201,22.5165556,91.7065833,227
N1,1000403,link,link 202,22.5156389,91.70701385000001,10
N1,1000404,bridge,bridge 202,22.5147222,91.7074444,193
N1,1000405,link,link 203,22.51393055,91.70776384999999,10
N1,1000406,bridge,bridge 203,22.5131389,91.7080833,302
N1,1000407,link,link 204,22.5106111,91.7090833,144
N1,1000408,bridge,bridge 204,22.5094444,91.7096389,251
N1,1000409,link,link 205,22.508444400000002,91.71009725,10
N1,1000410,bridge,bridge 205,22.5074444,91.7105556,548
N1,1000411,link,link 206,22.5052222,91.7116806,10
N1,1000412,bridge,bridge 206,22.503,91.7128056,56
N1,1000413,link,link 207,22.5025556,91.7130556,685
N1,1000414,bridge,bridge 207,22.4969163,91.7155556,314
N1,1000415,link,link 208,22.494583,91.7170827,887
N1,1000416,bridge,bridge 208,22.4869441,91.7192771,174
N1,1000417,link,link 209,22.4854163,91.7195549,296
N1,1000418,bridge,bridge 209,22.48280706570156,91.72005100244988,600
N1,1000419,link,link 210,22.48016708285078,91.72055295122493,10
N1,1000420,bridge,bridge 210,22.4775271,91.7210549,114
N1,1000421,link,link 211,22.4765271,91.7213327,883
N1,1000422,bridge,bridge 211,22.4694438,91.7250549,135
N1,1000423,link,link 212,22.468416,91.7255827,1183
N1,1000424,bridge,bridge 212,22.4588333,91.7303604,834
N1,1000425,link,link 213,22.45182350044248,91.7331283022124,1104
N1,1000426,bridge,bridge 213,22.4424997,91.7366663,955
N1,1000427,link,link 214,22.4349719,91.7396941,137
N1,1000428,bridge,bridge 214,22.4333049,91.7403608,311
N1,1000429,link,link 215,22.4320271,91.74094410000001,10
N1,1000430,bridge,bridge 215,22.4307493,91.7415274,491
N1,1000431,link,link 216,22.4269716,91.7439997,1164
N1,1000432,bridge,bridge 216,22.4185549,91.7504722,835
N1,1000433,link,link 217,22.4119167,91.7543611,406
N1,1000434,bridge,bridge 217,22.4084167,91.7551389,1
N1,1000435,link,link 218,22.40839921010101,91.75514357643098,1096
N1,1000436,bridge,bridge 218,22.3988608,91.7576667,496
N1,1000437,link,link 219,22.3944997,91.7586944,276
N1,1000438,bridge,bridge 219,22.3921108,91.75925,350
N1,1000439,link,link 220,22.390680250000003,91.759875,10
N1,1000440,bridge,bridge 220,22.3892497,91.7605,372
N1,1000441,link,link 221,22.3861663,91.7618333,625
N1,1000442,bridge,bridge 221,22.3815271,91.7652222,375
N1,1000443,link,link 222,22.379166,91.7675827,436
N1,1000444,bridge,bridge 222,22.3764716,91.770416,563
N1,1000445,link,link 223,22.369166,91.7741938,9619
N1,1000446,bridge,bridge 223,22.3632778,91.8514722,830
N1,1000447,link,link 224,22.3561111,91.8531667,70
N1,1000448,bridge,bridge 224,22.3555,91.8530833,929
N1,1000449,link,link 225,22.3473886,91.8519444,549
N1,1000450,bridge,bridge 225,22.3427219,91.8531389,450
N1,1000451,link,link 226,22.3387497,91.8534722,52
N1,1000452,bridge,bridge 226,22.338362487628867,91.853695585567,125
N1,1000453,link,link 227,22.337875543814434,91.85398669278351,10
N1,1000454,bridge,bridge 227,22.3373886,91.8542778,822
N1,1000455,link,link 228,22.3314716,91.8515556,209
N1,1000456,bridge,bridge 228,22.3297493,91.8521111,790
N1,1000457,link,link 229,22.3228327,91.8535556,177
N1,1000458,bridge,bridge 229,22.3212771,91.8536111,718
N1,1000459,link,link 230,22.31824965,91.8544722,10
N1,1000460,bridge,bridge 230,22.3152222,91.8553333,44
N1,1000461,link,link 231,22.3148889,91.8553889,853
N1,1000462,bridge,bridge 231,22.30825,91.8589722,146
N1,1000463,link,link 232,22.3071944,91.8598611,400
N1,1000464,bridge,bridge 232,22.3043056,91.8621667,308
N1,1000465,link,link 233,22.30323615,91.86305555,10
N1,1000466,bridge,bridge 233,22.3021667,91.8639444,293
N1,1000467,link,link 234,22.2998886,91.8655833,568
N1,1000468,bridge,bridge 234,22.2950274,91.8671938,426
N1,1000469,link,link 235,22.2919441,91.8693327,221
N1,1000470,bridge,bridge 235,22.2916108,91.8711382,447
N1,1000471,link,link 236,22.2925969,91.8729993,10
N1,1000472,bridge,bridge 236,22.293583,91.8748604,262
N1,1000473,link,link 237,22.2941108,91.87597155,10
N1,1000474,bridge,bridge 237,22.2946386,91.8770827,66
N1,1000475,link,link 238,22.2949163,91.877666,54
N1,1000476,bridge,bridge 238,22.2951108,91.8781104,263
N1,1000477,link,link 239,22.2967497,91.8818467,10
N1,1000478,bridge,bridge 239,22.2983886,91.885583,688
N1,1000479,link,link 240,22.2985552,91.886333,1173
N1,1000480,bridge,bridge 240,22.3015833,91.897333,454
N1,1000481,link,link 241,22.3027222,91.9015556,103
N1,1000482,bridge,bridge 241,22.3029722,91.9025,871
N1,1000483,link,link 242,22.3053611,91.9106389,302
N1,1000484,bridge,bridge 242,22.3070556,91.9128056,424
N1,1000485,link,link 243,22.3096944,91.91575,440
N1,1000486,bridge,bridge 243,22.3124722,91.9188327,521
N1,1000487,link,link 244,22.31405555,91.920666,10
N1,1000488,bridge,bridge 244,22.3156389,91.9224993,121
N1,1000489,link,link 245,22.3158889,91.9235827,939
N1,1000490,bridge,bridge 245,22.3137778,91.9322216,250
N1,1000491,link,link 246,22.31375,91.9345274,1617
N1,1000492,bridge,bridge 246,22.3098611,91.9477219,392
N1,1000493,link,link 247,22.3067222,91.9491941,1925
N1,1000494,bridge,bridge 247,22.3010278,91.9641667,74
N1,1000495,link,link 248,22.3009167,91.9648889,1567
N1,1000496,bridge,bridge 248,22.2956941,91.9787493,166
N1,1000497,link,link 249,22.295333,91.9803049,471
N1,1000498,bridge,bridge 249,22.292083,91.9822493,21
N1,1000499,link,link 250,22.291833,91.9823327,1075
N1,1000500,bridge,bridge 250,22.286583,91.9911108,97
N1,1000501,link,link 251,22.2862497,91.9916941,869
N1,1000502,bridge,bridge 251,22.2820549,91.9986663,925
N1,1000503,link,link 252,22.2761938,92.0043889,213
N1,1000504,bridge,bridge 252,22.2745827,92.0053056,270
N1,1000505,link,link 253,22.273415999999997,92.0054167,10
N1,1000506,bridge,bridge 253,22.2722493,92.0055278,515
N1,1000507,link,link 254,22.2676104,92.0058056,626
N1,1000508,bridge,bridge 254,22.2622222,92.0070556,247
N1,1000509,link,link 255,22.26115275,92.0073056,10
N1,1000510,bridge,bridge 255,22.2600833,92.0075556,125
N1,1000511,link,link 256,22.259,92.0081389,403
N1,1000512,bridge,bridge 256,22.2557222,92.0096111,267
N1,1000513,link,link 257,22.25479165,92.01043055,10
N1,1000514,bridge,bridge 257,22.2538611,92.01125,329
N1,1000515,link,link 258,22.2517222,92.0133333,343
N1,1000516,bridge,bridge 258,22.249333,92.0152778,656
N1,1000517,link,link 259,22.2449997,92.019166,602
N1,1000518,bridge,bridge 259,22.2410552,92.0215271,478
N1,1000519,link,link 260,22.23912465,92.022291,10
N1,1000520,bridge,bridge 260,22.2371941,92.0230549,139
N1,1000521,link,link 261,22.236083,92.0234716,384
N1,1000522,bridge,bridge 261,22.2327771,92.0245549,178
N1,1000523,link,link 262,22.232235449999997,92.02472155000001,10
N1,1000524,bridge,bridge 262,22.2316938,92.0248882,230
N1,1000525,link,link 263,22.227916,92.0258882,12
N1,1000526,bridge,bridge 263,22.2278882,92.025916,449
N1,1000527,link,link 264,22.225957649999998,92.02649935,10
N1,1000528,bridge,bridge 264,22.2240271,92.0270827,538
N1,1000529,link,link 265,22.2192493,92.0278882,247
N1,1000530,bridge,bridge 265,22.2170549,92.0281382,515
N1,1000531,link,link 266,22.2131389,92.0304993,778
N1,1000532,bridge,bridge 266,22.2084444,92.0356663,340
N1,1000533,link,link 267,22.2071944,92.03634685,10
N1,1000534,bridge,bridge 267,22.2059444,92.0370274,117
N1,1000535,link,link 268,22.2054167,92.0380274,3941
N1,1000536,bridge,bridge 268,22.1750827,92.0528611,178
N1,1000537,link,link 269,22.1735827,92.0534167,2514
N1,1000538,bridge,bridge 269,22.1596667,92.0674716,485
N1,1000539,link,link 270,22.156,92.0701104,663
N1,1000540,bridge,bridge 270,22.1509722,92.0696938,215
N1,1000541,link,link 271,22.1491386,92.0696104,1253
N1,1000542,bridge,bridge 271,22.1379163,92.0698882,501
N1,1000543,link,link 272,22.1356802,92.06998544999999,10
N1,1000544,bridge,bridge 272,22.1334441,92.0700827,161
N1,1000545,link,link 273,22.1320549,92.0701938,118
N1,1000546,bridge,bridge 273,22.1308049,92.070416,285
N1,1000547,link,link 274,22.129666,92.07063819999999,10
N1,1000548,bridge,bridge 274,22.1285271,92.0708604,515
N1,1000549,link,link 275,22.1240271,92.0715827,10
N1,1000550,bridge,bridge 275,22.123666,92.0716382,388
N1,1000551,link,link 276,22.122235449999998,92.07179099999999,10
N1,1000552,bridge,bridge 276,22.1208049,92.0719438,600
N1,1000553,link,link 277,22.1151944,92.072416,282
N1,1000554,bridge,bridge 277,22.1133056,92.0726938,717
N1,1000555,link,link 278,22.1062222,92.0738049,670
N1,1000556,bridge,bridge 278,22.0993052,92.0743604,250
N1,1000557,link,link 279,22.0977497,92.0750271,641
N1,1000558,bridge,bridge 279,22.0942219,92.0798604,222
N1,1000559,link,link 280,22.092833,92.0812493,1501
N1,1000560,bridge,bridge 280,22.0844441,92.0924997,418
N1,1000561,link,link 281,22.0826104,92.0958886,300
N1,1000562,bridge,bridge 281,22.081166,92.0982774,699
N1,1000563,link,link 282,22.0752216,92.1001944,704
N1,1000564,bridge,bridge 282,22.0699438,92.1038333,210
N1,1000565,link,link 283,22.0686938,92.10525,565
N1,1000566,bridge,bridge 283,22.0641667,92.107,425
N1,1000567,link,link 284,22.06236115,92.1074028,10
N1,1000568,bridge,bridge 284,22.0605556,92.1078056,9
N1,1000569,link,link 285,22.0604722,92.1078611,423
N1,1000570,bridge,bridge 285,22.0568611,92.1090833,514
N1,1000571,link,link 286,22.05456945,92.10909720000001,10
N1,1000572,bridge,bridge 286,22.0522778,92.1091111,62
N1,1000573,link,link 287,22.0516944,92.1090278,329
N1,1000574,bridge,bridge 287,22.0486386,92.1082222,438
N1,1000575,link,link 288,22.0449719,92.1078333,95
N1,1000576,bridge,bridge 288,22.0443052,92.1073056,136
N1,1000577,link,link 289,22.0434441,92.1063056,694
N1,1000578,bridge,bridge 289,22.0379163,92.104,96
N1,1000579,link,link 290,22.037083,92.1039722,567
N1,1000580,bridge,bridge 290,22.0320827,92.1041667,377
N1,1000581,link,link 291,22.03049935,92.10386115,10
N1,1000582,bridge,bridge 291,22.028916,92.1035556,55
N1,1000583,link,link 292,22.0284438,92.1032778,19
N1,1000584,bridge,bridge 292,22.0283327,92.1031944,899
N1,1000585,link,link 293,22.020666,92.1015556,14
N1,1000586,bridge,bridge 293,22.0205549,92.1015,923
N1,1000587,link,link 294,22.0153056,92.094833,930
N1,1000588,bridge,bridge 294,22.0077222,92.0927497,48
N1,1000589,link,link 295,22.0074167,92.0924997,464
N1,1000590,bridge,bridge 295,22.0039167,92.0904163,540
N1,1000591,link,link 296,22.0019304,92.08922185,10
N1,1000592,bridge,bridge 296,21.9999441,92.0880274,16
N1,1000593,link,link 297,21.999833,92.0879997,546
N1,1000594,bridge,bridge 297,21.9951108,92.0873608,16
N1,1000595,link,link 298,21.995083,92.0873191,10
N1,1000596,bridge,bridge 298,21.9950552,92.0872774,434
N1,1000597,link,link 299,21.9932219,92.0866802,10
N1,1000598,bridge,bridge 299,21.9913886,92.086083,79
N1,1000599,link,link 300,21.9907219,92.0858608,159
N1,1000600,bridge,bridge 300,21.9893886,92.085333,406
N1,1000601,link,link 301,21.98780525,92.0844302,10
N1,1000602,bridge,bridge 301,21.9862219,92.0835274,413
N1,1000603,link,link 302,21.9829716,92.0817771,264
N1,1000604,bridge,bridge 302,21.9811104,92.0800271,278
N1,1000605,link,link 303,21.980499299999998,92.07892989999999,10
N1,1000606,bridge,bridge 303,21.9798882,92.0778327,342
N1,1000607,link,link 304,21.9794299,92.076291,10
N1,1000608,bridge,bridge 304,21.9789716,92.0747493,132
N1,1000609,link,link 305,21.9781104,92.0739993,1752
N1,1000610,bridge,bridge 305,21.967666,92.0635,264
N1,1000611,link,link 306,21.9654167,92.0625556,254
N1,1000612,bridge,bridge 306,21.9620278,92.0633611,393
N1,1000613,link,link 307,21.960555550000002,92.064375,10
N1,1000614,bridge,bridge 307,21.9590833,92.0653889,351
N1,1000615,link,link 308,21.9578333,92.0665833,84
N1,1000616,bridge,bridge 308,21.9569167,92.0673327,521
N1,1000617,link,link 309,21.9542639,92.06759654999999,10
N1,1000618,bridge,bridge 309,21.9516111,92.0678604,324
N1,1000619,link,link 310,21.9489441,92.0675271,461
N1,1000620,bridge,bridge 310,21.9446663,92.0668049,538
N1,1000621,link,link 311,21.940583,92.0643889,615
N1,1000622,bridge,bridge 311,21.9354441,92.0623056,252
N1,1000623,link,link 312,21.93440245,92.06186115,10
N1,1000624,bridge,bridge 312,21.9333608,92.0614167,156
N1,1000625,link,link 313,21.9322216,92.06075,78
N1,1000626,bridge,bridge 313,21.931666,92.0603611,264
N1,1000627,link,link 314,21.9306382,92.05981944999999,10
N1,1000628,bridge,bridge 314,21.9296104,92.0592778,672
N1,1000629,link,link 315,21.9235827,92.0585,585
N1,1000630,bridge,bridge 315,21.9177216,92.0597778,302
N1,1000631,link,link 316,21.916902450000002,92.05995835,10
N1,1000632,bridge,bridge 316,21.9160833,92.0601389,146
N1,1000633,link,link 317,21.9148333,92.0604722,223
N1,1000634,bridge,bridge 317,21.9128611,92.0606667,510
N1,1000635,link,link 318,21.910625,92.06059725,10
N1,1000636,bridge,bridge 318,21.9083889,92.0605278,270
N1,1000637,link,link 319,21.9059444,92.0609167,1596
N1,1000638,bridge,bridge 319,21.8908886,92.0596667,281
N1,1000639,link,link 320,21.8883886,92.0600833,833
N1,1000640,bridge,bridge 320,21.8810271,92.0589722,178
N1,1000641,link,link 321,21.879416,92.0590833,508
N1,1000642,bridge,bridge 321,21.874916,92.0591111,500
N1,1000643,link,link 322,21.8704993,92.0591389,906
N1,1000644,bridge,bridge 322,21.8625,92.0595,93
N1,1000645,link,link 323,21.8616389,92.0596111,221
N1,1000646,bridge,bridge 323,21.8597222,92.0602778,783
N1,1000647,link,link 324,21.85275,92.0609722,21
N1,1000648,bridge,bridge 324,21.8526111,92.0609722,228
N1,1000649,link,link 325,21.85155555,92.0609583,10
N1,1000650,bridge,bridge 325,21.8505,92.0609444,764
N1,1000651,link,link 326,21.8441386,92.0628056,213
N1,1000652,bridge,bridge 326,21.842583,92.0638611,322
N1,1000653,link,link 327,21.84127745,92.0645,10
N1,1000654,bridge,bridge 327,21.8399719,92.0651389,482
N1,1000655,link,link 328,21.8363052,92.067416,313
N1,1000656,bridge,bridge 328,21.8336663,92.0684438,170
N1,1000657,link,link 329,21.8322216,92.0689993,776
N1,1000658,bridge,bridge 329,21.8256938,92.0723882,564
N1,1000659,link,link 330,21.823290999999998,92.0732493,10
N1,1000660,bridge,bridge 330,21.8208882,92.0741104,149
N1,1000661,link,link 331,21.8195271,92.0741382,180
N1,1000662,bridge,bridge 331,21.8179716,92.073916,831
N1,1000663,link,link 332,21.8119444,92.0776382,1000
N1,1000664,bridge,bridge 332,21.8031389,92.0772493,25
N1,1000665,link,link 333,21.8029167,92.0772771,1767
N1,1000666,bridge,bridge 333,21.7873886,92.0788882,100
N1,1000667,link,link 334,21.78694415,92.07895765,10
N1,1000668,bridge,bridge 334,21.7864997,92.0790271,137
N1,1000669,link,link 335,21.7853052,92.079166,180
N1,1000670,bridge,bridge 335,21.7836941,92.0792771,819
N1,1000671,link,link 336,21.7782493,92.0840552,79
N1,1000672,bridge,bridge 336,21.7776382,92.0843886,224
N1,1000673,link,link 337,21.776721549999998,92.0847497,10
N1,1000674,bridge,bridge 337,21.7758049,92.0851108,195
N1,1000675,link,link 338,21.7737216,92.0840552,134
N1,1000676,bridge,bridge 338,21.7732771,92.0837219,293
N1,1000677,link,link 339,21.7713049,92.0818327,24
N1,1000678,bridge,bridge 339,21.7711938,92.0816382,739
N1,1000679,link,link 340,21.7664722,92.0767771,3231
N1,1000680,bridge,bridge 340,21.7392497,92.0828604,140
N1,1000681,link,link 341,21.738083,92.0834163,50
N1,1000682,bridge,bridge 341,21.7376386,92.0834719,680
N1,1000683,link,link 342,21.73461065,92.08363855,10
N1,1000684,bridge,bridge 342,21.7315827,92.0838052,181
N1,1000685,link,link 343,21.730791,92.0838191,10
N1,1000686,bridge,bridge 343,21.7299993,92.083833,108
N1,1000687,link,link 344,21.7290271,92.0838608,688
N1,1000688,bridge,bridge 344,21.7229438,92.0834719,163
N1,1000689,link,link 345,21.7215549,92.0830827,567
N1,1000690,bridge,bridge 345,21.7169438,92.0824993,612
N1,1000691,link,link 346,21.7120833,92.0821104,526
N1,1000692,bridge,bridge 346,21.7080278,92.0800549,489
N1,1000693,link,link 347,21.7040556,92.0788604,310
N1,1000694,bridge,bridge 347,21.7013611,92.0783882,697
N1,1000695,link,link 348,21.6957497,92.0805827,2429
N1,1000696,bridge,bridge 348,21.6747493,92.0766104,484
N1,1000697,link,link 349,21.67259655,92.07644375000001,10
N1,1000698,bridge,bridge 349,21.6704438,92.0762771,34
N1,1000699,link,link 350,21.6695549,92.0760549,861
N1,1000700,bridge,bridge 350,21.6618889,92.074916,143
N1,1000701,link,link 351,21.6606111,92.0750827,175
N1,1000702,bridge,bridge 351,21.6590556,92.0751382,839
N1,1000703,link,link 352,21.6518056,92.0737771,237
N1,1000704,bridge,bridge 352,21.6497219,92.0733049,79
N1,1000705,link,link 353,21.64940245,92.0733049,10
N1,1000706,bridge,bridge 353,21.649083,92.0733049,251
N1,1000707,link,link 354,21.6479441,92.07333265,10
N1,1000708,bridge,bridge 354,21.6468052,92.0733604,447
N1,1000709,link,link 355,21.6428608,92.0732216,2779
N1,1000710,bridge,bridge 355,21.6213604,92.0724438,266
N1,1000711,link,link 356,21.6197771,92.0705271,399
N1,1000712,bridge,bridge 356,21.617166,92.0679993,109
N1,1000713,link,link 357,21.6150556,92.0667771,255
N1,1000714,bridge,bridge 357,21.610086825,92.06399479375,179
N1,1000715,link,link 358,21.6086962125,92.063205746875,10
N1,1000716,bridge,bridge 358,21.6073056,92.0624167,797
N1,1000717,link,link 359,21.6039167,92.0619444,57
N1,1000718,bridge,bridge 359,21.603029505025123,92.061920540201,341
N1,1000719,link,link 360,21.60037570251256,92.0618491701005,10
N1,1000720,bridge,bridge 360,21.5977219,92.0617778,601
N1,1000721,link,link 361,21.5951108,92.0611944,81
N1,1000722,bridge,bridge 361,21.59379884019608,92.06161870980392,326
N1,1000723,link,link 362,21.59119092009804,92.06246215490197,10
N1,1000724,bridge,bridge 362,21.588583,92.0633056,503
N1,1000725,link,link 363,21.5875274,92.0650278,100
N1,1000726,bridge,bridge 363,21.5861941,92.0650278,168
N1,1000727,link,link 364,21.58551355,92.065125,10
N1,1000728,bridge,bridge 364,21.584833,92.0652222,730
N1,1000729,link,link 365,21.5791938,92.0668049,129
N1,1000730,bridge,bridge 365,21.5769993,92.0697216,840
N1,1000731,link,link 366,21.5717216,92.0718049,694
N1,1000732,bridge,bridge 366,21.564,92.0702493,326
N1,1000733,link,link 367,21.5629444,92.0700271,134
N1,1000734,bridge,bridge 367,21.5618056,92.0696382,120
N1,1000735,link,link 368,21.56131945,92.06945765,10
N1,1000736,bridge,bridge 368,21.5608333,92.0692771,746
N1,1000737,link,link 369,21.5555,92.0679716,195
N1,1000738,bridge,bridge 369,21.5553056,92.067916,475
N1,1000739,link,link 370,21.55188875,92.06749934999999,10
N1,1000740,bridge,bridge 370,21.5484719,92.0670827,228
N1,1000741,link,link 371,21.546583,92.0668327,1935
N1,1000742,bridge,bridge 371,21.5283049,92.0650833,212
N1,1000743,link,link 372,21.52738825,92.06513885,10
N1,1000744,bridge,bridge 372,21.5264716,92.0651944,343
N1,1000745,link,link 373,21.5249716,92.06540275,10
N1,1000746,bridge,bridge 373,21.5234716,92.0656111,158
N1,1000747,link,link 374,21.52277715,92.06573610000001,10
N1,1000748,bridge,bridge 374,21.5220827,92.0658611,161
N1,1000749,link,link 375,21.520666,92.0661667,555
N1,1000750,bridge,bridge 375,21.5161111,92.068166,423
N1,1000751,link,link 376,21.514402750000002,92.0690132,10
N1,1000752,bridge,bridge 376,21.5126944,92.0698604,27
N1,1000753,link,link 377,21.5125556,92.0699438,512
N1,1000754,bridge,bridge 377,21.5083889,92.0717493,204
N1,1000755,link,link 378,21.50768055,92.07233264999999,10
N1,1000756,bridge,bridge 378,21.5069722,92.072916,283
N1,1000757,link,link 379,21.505,92.0745549,911
N1,1000758,bridge,bridge 379,21.4974719,92.0765549,88
N1,1000759,link,link 380,21.4968608,92.0769438,48
N1,1000760,bridge,bridge 380,21.4964441,92.077166,904
N1,1000761,link,link 381,21.4901941,92.0818049,1259
N1,1000762,bridge,bridge 381,21.4851386,92.091333,700
N1,1000763,link,link 382,21.4793604,92.0938886,357
N1,1000764,bridge,bridge 382,21.4767771,92.0957497,250
N1,1000765,link,link 383,21.475915999999998,92.096458,10
N1,1000766,bridge,bridge 383,21.4750549,92.0971663,522
N1,1000767,link,link 384,21.4713604,92.0997497,20
N1,1000768,bridge,bridge 384,21.4712216,92.0998886,593
N1,1000769,link,link 385,21.4689716,92.1011943,10
N1,1000770,bridge,bridge 385,21.4667216,92.1025,367
N1,1000771,link,link 386,21.4635833,92.1029167,1348
N1,1000772,bridge,bridge 386,21.4545,92.10075,421
N1,1000773,link,link 387,21.452888899999998,92.10009705,10
N1,1000774,bridge,bridge 387,21.4512778,92.0994441,222
N1,1000775,link,link 388,21.4496108,92.0994997,654
N1,1000776,bridge,bridge 388,21.443833,92.1014167,223
N1,1000777,link,link 389,21.44299965,92.1011389,10
N1,1000778,bridge,bridge 389,21.4421663,92.1008611,118
N1,1000779,link,link 390,21.4413608,92.1003611,466
N1,1000780,bridge,bridge 390,21.4375552,92.0984997,343
N1,1000781,link,link 391,21.436069099999997,92.09794415,10
N1,1000782,bridge,bridge 391,21.434583,92.0973886,149
N1,1000783,link,link 392,21.4334441,92.0969997,284
N1,1000784,bridge,bridge 392,21.4310271,92.0961941,229
N1,1000785,link,link 393,21.4300271,92.0958469,10
N1,1000786,bridge,bridge 393,21.4290271,92.0954997,79
N1,1000787,link,link 394,21.4284993,92.0951941,112
N1,1000788,bridge,bridge 394,21.4283604,92.0941663,283
N1,1000789,link,link 395,21.4281104,92.0914719,190
N1,1000790,bridge,bridge 395,21.427916,92.0896108,586
N1,1000791,link,link 396,21.4275132,92.08684690000001,10
N1,1000792,bridge,bridge 396,21.4271104,92.084083,206
N1,1000793,link,link 397,21.4269716,92.0821104,175
N1,1000794,bridge,bridge 397,21.4267771,92.0804716,384
N1,1000795,link,link 398,21.426624349999997,92.07862435,10
N1,1000796,bridge,bridge 398,21.4264716,92.0767771,403
N1,1000797,link,link 399,21.4267216,92.0730827,261
N1,1000798,bridge,bridge 399,21.427416,92.0707216,738
N1,1000799,link,link 400,21.4276938,92.0643611,131
N1,1000800,bridge,bridge 400,21.4270827,92.0632778,262
N1,1000801,link,link 401,21.4272077,92.06205555,10
N1,1000802,bridge,bridge 401,21.4273327,92.0608333,336
N1,1000803,link,link 402,21.427610450000003,92.05924999999999,10
N1,1000804,bridge,bridge 402,21.4278882,92.0576667,237
N1,1000805,link,link 403,21.427971550000002,92.0565417,10
N1,1000806,bridge,bridge 403,21.4280549,92.0554167,28
N1,1000807,link,link 404,21.4280827,92.0551389,232
N1,1000808,bridge,bridge 404,21.4280549,92.0529444,462
N1,1000809,link,link 405,21.4277771,92.05069424999999,10
N1,1000810,bridge,bridge 405,21.4274993,92.0484441,290
N1,1000811,link,link 406,21.4287771,92.0461941,233
N1,1000812,bridge,bridge 406,21.4295549,92.044083,500
N1,1000813,link,link 407,21.4296799,92.0416802,10
N1,1000814,bridge,bridge 407,21.4298049,92.0392774,254
N1,1000815,link,link 408,21.4296938,92.0368608,223
N1,1000816,bridge,bridge 408,21.4289716,92.0348608,362
N1,1000817,link,link 409,21.4292077,92.03323560000001,10
N1,1000818,bridge,bridge 409,21.4294438,92.0316104,274
N1,1000819,link,link 410,21.4299299,92.03045765,10
N1,1000820,bridge,bridge 410,21.430416,92.0293049,105
N1,1000821,link,link 411,21.430166,92.0283604,45
N1,1000822,bridge,bridge 411,21.4298882,92.0279716,612
N1,1000823,link,link 412,21.42806875,92.02577715000001,10
N1,1000824,bridge,bridge 412,21.4262493,92.0235827,64
N1,1000825,link,link 413,21.4258604,92.023166,595
N1,1000826,bridge,bridge 413,21.4225549,92.0274438,70
N1,1000827,link,link 414,21.4223188,92.0276521,10
N1,1000828,bridge,bridge 414,21.4220827,92.0278604,326
N1,1000829,link,link 415,21.4199716,92.0302493,265
N1,1000830,bridge,bridge 415,21.4191104,92.032416,449
N1,1000831,link,link 416,21.4178052,92.0338606,10
N1,1000832,bridge,bridge 416,21.4165,92.0353052,182
N1,1000833,link,link 417,21.416069450000002,92.03601355,10
N1,1000834,bridge,bridge 417,21.4156389,92.0367219,134
N1,1000835,link,link 418,21.4150556,92.037833,235
N1,1000836,bridge,bridge 418,21.4135833,92.0393886,367
N1,1000837,link,link 419,21.41281945,92.0394858,10
N1,1000838,bridge,bridge 419,21.4120556,92.039583,171
N1,1000839,link,link 420,21.4117778,92.0416941,10
N1,1000840,bridge,bridge 420,21.4115,92.0438052,211
N1,1000841,link,link 421,21.410902800000002,92.04455519999999,10
N1,1000842,bridge,bridge 421,21.4103056,92.0453052,57
N1,1000843,link,link 422,21.4101111,92.0458052,242
N1,1000844,bridge,bridge 422,21.41025,92.0480552,324
N1,1000845,link,link 423,21.41029165,92.04944425,10
N1,1000846,bridge,bridge 423,21.4103333,92.0508333,272
N1,1000847,link,link 424,21.409875,92.05201385,10
N1,1000848,bridge,bridge 424,21.4094167,92.0531944,180
N1,1000849,link,link 425,21.4090833,92.05475,210
N1,1000850,bridge,bridge 425,21.4079722,92.056,168
N1,1000851,link,link 426,21.4073472,92.0565278,10
N1,1000852,bridge,bridge 426,21.4067222,92.0570556,293
N1,1000853,link,link 427,21.40629165,92.05823615,10
N1,1000854,bridge,bridge 427,21.4058611,92.0594167,267
N1,1000855,link,link 428,21.4040556,92.0619722,157
N1,1000856,bridge,bridge 428,21.4039167,92.0628333,480
N1,1000857,link,link 429,21.4024028,92.0643472,10
N1,1000858,bridge,bridge 429,21.4008889,92.0658611,262
N1,1000859,link,link 430,21.3997915,92.06620835000001,10
N1,1000860,bridge,bridge 430,21.3986941,92.0665556,180
N1,1000861,link,link 431,21.397930199999998,92.0667219,10
N1,1000862,bridge,bridge 431,21.3971663,92.0668882,19
N1,1000863,link,link 432,21.3969719,92.066916,435
N1,1000864,bridge,bridge 432,21.393333,92.068166,484
N1,1000865,link,link 433,21.391221899999998,92.06842990000001,10
N1,1000866,bridge,bridge 433,21.3891108,92.0686938,74
N1,1000867,link,link 434,21.3885274,92.0692771,147
N1,1000868,bridge,bridge 434,21.3873052,92.0697771,176
N1,1000869,link,link 435,21.3865969,92.07011045,10
N1,1000870,bridge,bridge 435,21.3858886,92.0704438,152
N1,1000871,link,link 436,21.3852358,92.07047155000001,10
N1,1000872,bridge,bridge 436,21.384583,92.0704993,76
N1,1000873,link,link 437,21.38426355,92.07054099999999,10
N1,1000874,bridge,bridge 437,21.3839441,92.0705827,151
N1,1000875,link,link 438,21.38331895,92.0708049,10
N1,1000876,bridge,bridge 438,21.3826938,92.0710271,168
N1,1000877,link,link 439,21.38199935,92.07105490000001,10
N1,1000878,bridge,bridge 439,21.3813049,92.0710827,29
N1,1000879,link,link 440,21.38120765,92.0710827,10
N1,1000880,bridge,bridge 440,21.3811104,92.0710827,179
N1,1000881,link,link 441,21.3796104,92.0706104,91
N1,1000882,bridge,bridge 441,21.378916,92.0703327,153
N1,1000883,link,link 442,21.37824935,92.07034655,10
N1,1000884,bridge,bridge 442,21.3775827,92.0703604,38
N1,1000885,link,link 443,21.377485450000002,92.0704854,10
N1,1000886,bridge,bridge 443,21.3773882,92.0706104,182
N1,1000887,link,link 444,21.3768049,92.07120765,10
N1,1000888,bridge,bridge 444,21.3762216,92.0718049,164
N1,1000889,link,link 445,21.37573545,92.072291,10
N1,1000890,bridge,bridge 445,21.3752493,92.0727771,115
N1,1000891,link,link 446,21.375013199999998,92.07313819999999,10
N1,1000892,bridge,bridge 446,21.3747771,92.0734993,64
N1,1000893,link,link 447,21.374665999999998,92.07373544999999,10
N1,1000894,bridge,bridge 447,21.3745549,92.0739716,173
N1,1000895,link,link 448,21.374402099999998,92.07474934999999,10
N1,1000896,bridge,bridge 448,21.3742493,92.0755271,16
N1,1000897,link,link 449,21.3742493,92.0756938,158
N1,1000898,bridge,bridge 449,21.3736938,92.0768327,82
N1,1000899,link,link 450,21.3734438,92.0770827,10
N1,1000900,bridge,bridge 450,21.3731938,92.0773327,228
N1,1000901,link,link 451,21.37234655,92.0779438,10
N1,1000902,bridge,bridge 451,21.3714993,92.0785549,206
N1,1000903,link,link 452,21.370666,92.07908265,10
N1,1000904,bridge,bridge 452,21.3698327,92.0796104,262
N1,1000905,link,link 453,21.36886045,92.07997155000001,10
N1,1000906,bridge,bridge 453,21.3678882,92.0803327,134
N1,1000907,link,link 454,21.367416,92.08055490000001,10
N1,1000908,bridge,bridge 454,21.3669438,92.0807771,84
N1,1000909,link,link 455,21.3662778,92.0810549,63
N1,1000910,bridge,bridge 455,21.3657222,92.0812771,151
N1,1000911,link,link 456,21.36506945,92.08134655,10
N1,1000912,bridge,bridge 456,21.3644167,92.081416,341
N1,1000913,link,link 457,21.36295835,92.0810271,10
N1,1000914,bridge,bridge 457,21.3615,92.0806382,427
N1,1000915,link,link 458,21.35979165,92.07983265,10
N1,1000916,bridge,bridge 458,21.3580833,92.0790271,44
N1,1000917,link,link 459,21.35775,92.0790271,63
N1,1000918,bridge,bridge 459,21.3571944,92.0791104,96
N1,1000919,link,link 460,21.35676385,92.07909655,10
N1,1000920,bridge,bridge 460,21.3563333,92.0790827,125
N1,1000921,link,link 461,21.35579165,92.0790827,10
N1,1000922,bridge,bridge 461,21.35525,92.0790827,305
N1,1000923,link,link 462,21.35395835,92.0787077,10
N1,1000924,bridge,bridge 462,21.3526667,92.0783327,416
N1,1000925,link,link 463,21.3490552,92.0784716,312
N1,1000926,bridge,bridge 463,21.3463608,92.0790271,561
N1,1000927,link,link 464,21.34393025,92.0789299,10
N1,1000928,bridge,bridge 464,21.3414997,92.0788327,122
N1,1000929,link,link 465,21.3404997,92.0784993,267
N1,1000930,bridge,bridge 465,21.3381941,92.078916,657
N1,1000931,link,link 466,21.33533285,92.07899935,10
N1,1000932,bridge,bridge 466,21.3324716,92.0790827,163
N1,1000933,link,link 467,21.3311104,92.0788604,158
N1,1000934,bridge,bridge 467,21.3297771,92.0787771,860
N1,1000935,link,link 468,21.324666,92.084583,105
N1,1000936,bridge,bridge 468,21.3241104,92.085333,564
N1,1000937,link,link 469,21.32242985,92.0873191,10
N1,1000938,bridge,bridge 469,21.3207493,92.0893052,336
N1,1000939,link,link 470,21.3187493,92.0916108,115
N1,1000940,bridge,bridge 470,21.3179438,92.0921663,101
N1,1000941,link,link 471,21.317666,92.0930274,713
N1,1000942,bridge,bridge 471,21.3125,92.096333,76
N1,1000943,link,link 472,21.3120278,92.0969163,979
N1,1000944,bridge,bridge 472,21.3039722,92.0967497,23
N1,1000945,link,link 473,21.3037778,92.0968052,555
N1,1000946,bridge,bridge 473,21.2989441,92.0976108,425
N1,1000947,link,link 474,21.297291350000002,92.09849969999999,10
N1,1000948,bridge,bridge 474,21.2956386,92.0993886,81
N1,1000949,link,link 475,21.2949163,92.0994163,1238
N1,1000950,bridge,bridge 475,21.2839441,92.1005278,136
N1,1000951,link,link 476,21.283360806040267,92.10060383221476,10
N1,1000952,bridge,bridge 476,21.282777512080536,92.10067986442952,440
N1,1000953,link,link 477,21.280930106040266,92.10132603221476,10
N1,1000954,bridge,bridge 477,21.2790827,92.1019722,168
N1,1000955,link,link 478,21.277666,92.1026111,1011
N1,1000956,bridge,bridge 478,21.2694716,92.1066667,291
N1,1000957,link,link 479,21.268666,92.10775000000001,10
N1,1000958,bridge,bridge 479,21.2678604,92.1088333,607
N1,1000959,link,link 480,21.26623575,92.11113885,10
N1,1000960,bridge,bridge 480,21.2646111,92.1134444,89
N1,1000961,link,link 481,21.2641111,92.1140833,14
N1,1000962,bridge,bridge 481,21.2639722,92.1141944,278
N1,1000963,link,link 482,21.263166650000002,92.11518054999999,10
N1,1000964,bridge,bridge 482,21.2623611,92.1161667,733
N1,1000965,link,link 483,21.2580278,92.1214438,223
N1,1000966,bridge,bridge 483,21.2565556,92.122916,252
N1,1000967,link,link 484,21.2557917,92.12374935,10
N1,1000968,bridge,bridge 484,21.2550278,92.1245827,250
N1,1000969,link,link 485,21.2544028,92.12561045000001,10
N1,1000970,bridge,bridge 485,21.2537778,92.1266382,276
N1,1000971,link,link 486,21.2521944,92.1286104,16
N1,1000972,bridge,bridge 486,21.2521111,92.1287493,120
N1,1000973,link,link 487,21.25129165,92.1297493,10
N1,1000974,bridge,bridge 487,21.2504722,92.1307493,870
N1,1000975,link,link 488,21.2492776,92.13243005000001,10
N1,1000976,bridge,bridge 488,21.248083,92.1341108,54
N1,1000977,link,link 489,21.2462219,92.1364719,682
N1,1000978,bridge,bridge 489,21.242333,92.1413608,324
N1,1000979,link,link 490,21.2412497,92.1440552,3252
N1,1000980,bridge,bridge 490,21.2261382,92.1611667,209
N1,1000981,link,link 491,21.22523545,92.16130555,10
N1,1000982,bridge,bridge 491,21.2243327,92.1614444,527
N1,1000983,link,link 492,21.2198049,92.1618611,400
N1,1000984,bridge,bridge 492,21.2165556,92.1626944,302
N1,1000985,link,link 493,21.2159167,92.1638333,10
N1,1000986,bridge,bridge 493,21.2152778,92.1649722,195
N1,1000987,link,link 494,21.2147778,92.1658191,10
N1,1000988,bridge,bridge 494,21.2142778,92.166666,106
N1,1000989,link,link 495,21.21375,92.1674438,127
N1,1000990,bridge,bridge 495,21.2127222,92.1678882,243
N1,1000991,link,link 496,21.21165275,92.16801319999999,10
N1,1000992,bridge,bridge 496,21.2105833,92.1681382,100
N1,1000993,link,link 497,21.21013885,92.1682771,10
N1,1000994,bridge,bridge 497,21.2096944,92.168416,536
N1,1000995,link,link 498,21.2056389,92.1703327,526
N1,1000996,bridge,bridge 498,21.2011389,92.170416,247
N1,1000997,link,link 499,21.200069300000003,92.1703882,10
N1,1000998,bridge,bridge 499,21.1989997,92.1703604,125
N1,1000999,link,link 500,21.1977219,92.1705549,160
N1,1001000,bridge,bridge 500,21.1965552,92.1708604,483
N1,1001001,link,link 501,21.1945552,92.17029099999999,10
N1,1001002,bridge,bridge 501,21.1925552,92.1697216,302
N1,1001003,link,link 502,21.191583,92.1688188,10
N1,1001004,bridge,bridge 502,21.1906108,92.167916,173
N1,1001005,link,link 503,21.1897497,92.166666,456
N1,1001006,bridge,bridge 503,21.1866386,92.1638056,313
N1,1001007,link,link 504,21.186291349999998,92.16244445000001,10
N1,1001008,bridge,bridge 504,21.1859441,92.1610833,255
N1,1001009,link,link 505,21.1843052,92.1594167,699
N1,1001010,bridge,bridge 505,21.178666,92.1574722,290
N1,1001011,link,link 506,21.1761938,92.1566111,242
N1,1001012,bridge,bridge 506,21.1742771,92.1557222,281
N1,1001013,link,link 507,21.1730549,92.15543055,10
N1,1001014,bridge,bridge 507,21.1718327,92.1551389,242
N1,1001015,link,link 508,21.1708188,92.1548611,10
N1,1001016,bridge,bridge 508,21.1698049,92.1545833,203
N1,1001017,link,link 509,21.169110449999998,92.15393055,10
N1,1001018,bridge,bridge 509,21.168416,92.1532778,110
N1,1001019,link,link 510,21.1677216,92.1527778,64
N1,1001020,bridge,bridge 510,21.1673327,92.1524167,252
N1,1001021,link,link 511,21.16627745,92.1522917,10
N1,1001022,bridge,bridge 511,21.1652222,92.1521667,226
N1,1001023,link,link 512,21.1642361,92.15219445,10
N1,1001024,bridge,bridge 512,21.16325,92.1522222,88
N1,1001025,link,link 513,21.1628611,92.15225,10
N1,1001026,bridge,bridge 513,21.1624722,92.1522778,235
N1,1001027,link,link 514,21.161444449999998,92.1523889,10
N1,1001028,bridge,bridge 514,21.1604167,92.1525,108
N1,1001029,link,link 515,21.1595,92.1526111,21
N1,1001030,bridge,bridge 515,21.1593056,92.1526111,73
N1,1001031,link,link 516,21.15898615,92.15255555,10
N1,1001032,bridge,bridge 516,21.1586667,92.1525,354
N1,1001033,link,link 517,21.1571528,92.1526389,10
N1,1001034,bridge,bridge 517,21.1556389,92.1527778,216
N1,1001035,link,link 518,21.15470835,92.15281945,10
N1,1001036,bridge,bridge 518,21.1537778,92.1528611,212
N1,1001037,link,link 519,21.1529861,92.15319445,10
N1,1001038,bridge,bridge 519,21.1521944,92.1535278,197
N1,1001039,link,link 520,21.1507222,92.1545,538
N1,1001040,bridge,bridge 520,21.147333,92.1574167,368
N1,1001041,link,link 521,21.145805199999998,92.1580278,10
N1,1001042,bridge,bridge 521,21.1442774,92.1586389,100
N1,1001043,link,link 522,21.1435274,92.1589722,247
N1,1001044,bridge,bridge 522,21.1414997,92.1599167,663
N1,1001045,link,link 523,21.139805250000002,92.1623889,10
N1,1001046,bridge,bridge 523,21.1381108,92.1648611,116
N1,1001047,link,link 524,21.1379719,92.1659167,122
N1,1001048,bridge,bridge 524,21.137833,92.1671104,130
N1,1001049,link,link 525,21.1376941,92.16770765,10
N1,1001050,bridge,bridge 525,21.1375552,92.1683049,271
N1,1001051,link,link 526,21.13738855,92.16959655,10
N1,1001052,bridge,bridge 526,21.1372219,92.1708882,199
N1,1001053,link,link 527,21.13716635,92.17183265,10
N1,1001054,bridge,bridge 527,21.1371108,92.1727771,120
N1,1001055,link,link 528,21.136999699999997,92.17334655,10
N1,1001056,bridge,bridge 528,21.1368886,92.173916,158
N1,1001057,link,link 529,21.1363886,92.1752493,31
N1,1001058,bridge,bridge 529,21.1363608,92.1755549,213
N1,1001059,link,link 530,21.1358747,92.17631879999999,10
N1,1001060,bridge,bridge 530,21.1353886,92.1770827,493
N1,1001061,link,link 531,21.1343886,92.17888825,10
N1,1001062,bridge,bridge 531,21.1333886,92.1806938,193
N1,1001063,link,link 532,21.133166199999998,92.18156880000001,10
N1,1001064,bridge,bridge 532,21.1329438,92.1824438,96
N1,1001065,link,link 533,21.1326938,92.183333,159
N1,1001066,bridge,bridge 533,21.1319716,92.1846108,174
N1,1001067,link,link 534,21.131471599999998,92.18515245,10
N1,1001068,bridge,bridge 534,21.1309716,92.1856941,665
N1,1001069,link,link 535,21.1269438,92.1902219,12
N1,1001070,bridge,bridge 535,21.1268327,92.1902774,336
N1,1001071,link,link 536,21.1255549,92.19108299999999,10
N1,1001072,bridge,bridge 536,21.1242771,92.1918886,40
N1,1001073,link,link 537,21.1241382,92.19194415,10
N1,1001074,bridge,bridge 537,21.1239993,92.1919997,134
N1,1001075,link,link 538,21.1234993,92.19233299999999,10
N1,1001076,bridge,bridge 538,21.1229993,92.1926663,112
N1,1001077,link,link 539,21.12258265,92.1929302,10
N1,1001078,bridge,bridge 539,21.122166,92.1931941,84
N1,1001079,link,link 540,21.12183265,92.19337465000001,10
N1,1001080,bridge,bridge 540,21.1214993,92.1935552,283
N1,1001081,link,link 541,21.1198604,92.1954719,110
N1,1001082,bridge,bridge 541,21.1190827,92.1960274,192
N1,1001083,link,link 542,21.1183327,92.19634685,10
N1,1001084,bridge,bridge 542,21.1175827,92.1966663,127
N1,1001085,link,link 543,21.11704135,92.1967913,10
N1,1001086,bridge,bridge 543,21.1165,92.1969163,51
N1,1001087,link,link 544,21.11631945,92.196958,10
N1,1001088,bridge,bridge 544,21.1161389,92.1969997,38
N1,1001089,link,link 545,21.1158333,92.1971386,86
N1,1001090,bridge,bridge 545,21.1151667,92.1975552,454
N1,1001091,link,link 546,21.1121111,92.2002778,47
N1,1001092,bridge,bridge 546,21.1118611,92.2006389,314
N1,1001093,link,link 547,21.110458350000002,92.20258335,10
N1,1001094,bridge,bridge 547,21.1090556,92.2045278,430
N1,1001095,link,link 548,21.10844445,92.20519445,10
N1,1001096,bridge,bridge 548,21.1078333,92.2058611,197
N1,1001097,link,link 549,21.1078333,92.20640275,10
N1,1001098,bridge,bridge 549,21.1078333,92.2069444,69
N1,1001099,link,link 550,21.1058333,92.20725,64
N1,1001100,bridge,bridge 550,21.1053611,92.2073889,120
N1,1001101,link,link 551,21.1048611,92.20745835,10
N1,1001102,bridge,bridge 551,21.1043611,92.2075278,206
N1,1001103,link,link 552,21.103499999999997,92.2076528,10
N1,1001104,bridge,bridge 552,21.1026389,92.2077778,171
N1,1001105,link,link 553,21.101958349999997,92.20795835,10
N1,1001106,bridge,bridge 553,21.1012778,92.2081389,220
N1,1001107,link,link 554,21.1004582,92.2086528,10
N1,1001108,bridge,bridge 554,21.0996386,92.2091667,284
N1,1001109,link,link 555,21.0975552,92.2105,28
N1,1001110,bridge,bridge 555,21.097333,92.2106111,399
N1,1001111,link,link 556,21.09563855,92.2112361,10
N1,1001112,bridge,bridge 556,21.0939441,92.2118611,194
N1,1001113,link,link 557,21.09312465,92.21209719999999,10
N1,1001114,bridge,bridge 557,21.0923052,92.2123333,235
N1,1001115,link,link 558,21.0913191,92.21263884999999,10
N1,1001116,bridge,bridge 558,21.090333,92.2129444,143
N1,1001117,link,link 559,21.0891941,92.2135,346
N1,1001118,bridge,bridge 559,21.0864997,92.2151111,68
N1,1001119,link,link 560,21.086221899999998,92.21525,10
N1,1001120,bridge,bridge 560,21.0859441,92.2153889,252
N1,1001121,link,link 561,21.08490245,92.21575,10
N1,1001122,bridge,bridge 561,21.0838608,92.2161111,332
N1,1001123,link,link 562,21.0811104,92.2169438,105
N1,1001124,bridge,bridge 562,21.0803049,92.2174993,261
N1,1001125,link,link 563,21.079318800000003,92.21806875,10
N1,1001126,bridge,bridge 563,21.0783327,92.2186382,58
N1,1001127,link,link 564,21.07812435,92.21881875,10
N1,1001128,bridge,bridge 564,21.077916,92.2189993,259
N1,1001129,link,link 565,21.07723545,92.2199993,10
N1,1001130,bridge,bridge 565,21.0765549,92.2209993,259
N1,1001131,link,link 566,21.075541,92.2215271,10
N1,1001132,bridge,bridge 566,21.0745271,92.2220549,146
N1,1001133,link,link 567,21.0735271,92.2226104,110
N1,1001134,bridge,bridge 567,21.0728327,92.2232216,181
N1,1001135,link,link 568,21.07224935,92.2237216,10
N1,1001136,bridge,bridge 568,21.071666,92.2242216,312
N1,1001137,link,link 569,21.0703882,92.2244299,10
N1,1001138,bridge,bridge 569,21.0691104,92.2246382,250
N1,1001139,link,link 570,21.0679993,92.2246243,10
N1,1001140,bridge,bridge 570,21.0668882,92.2246104,146
N1,1001141,link,link 571,21.0655833,92.2245549,77
N1,1001142,bridge,bridge 571,21.0650556,92.2245271,261
N1,1001143,link,link 572,21.064027799999998,92.2250132,10
N1,1001144,bridge,bridge 572,21.063,92.2254993,187
N1,1001145,link,link 573,21.062277799999997,92.2258882,10
N1,1001146,bridge,bridge 573,21.0615556,92.2262771,204
N1,1001147,link,link 574,21.0606667,92.22633265,10
N1,1001148,bridge,bridge 574,21.0597778,92.2263882,356
N1,1001149,link,link 575,21.0565833,92.2266104,184
N1,1001150,bridge,bridge 575,21.0549722,92.2268049,648
N1,1001151,link,link 576,21.05316665,92.22852710000001,10
N1,1001152,bridge,bridge 576,21.0513611,92.2302493,162
N1,1001153,link,link 577,21.0513056,92.2317493,64
N1,1001154,bridge,bridge 577,21.0512778,92.2323327,189
N1,1001155,link,link 578,21.051000000000002,92.23309675,10
N1,1001156,bridge,bridge 578,21.0507222,92.2338608,327
N1,1001157,link,link 579,21.04933315,92.23424969999999,10
N1,1001158,bridge,bridge 579,21.0479441,92.2346386,381
N1,1001159,link,link 580,21.046319099999998,92.23516635,10
N1,1001160,bridge,bridge 580,21.0446941,92.2356941,86
N1,1001161,link,link 581,21.0439163,92.2359441,396
N1,1001162,bridge,bridge 581,21.0407497,92.2374997,540
N1,1001163,link,link 582,21.03855525,92.2385969,10
N1,1001164,bridge,bridge 582,21.0363608,92.2396941,311
N1,1001165,link,link 583,21.0338608,92.2407774,203
N1,1001166,bridge,bridge 583,21.0321104,92.241083,233
N1,1001167,link,link 584,21.031082650000002,92.2412219,10
N1,1001168,bridge,bridge 584,21.0300549,92.2413608,353
N1,1001169,link,link 585,21.02849935,92.24152745,10
N1,1001170,bridge,bridge 585,21.0269438,92.2416941,209
N1,1001171,link,link 586,21.0249993,92.2418608,243
N1,1001172,bridge,bridge 586,21.0228882,92.2420274,519
N1,1001173,link,link 587,21.0186104,92.2431386,206
N1,1001174,bridge,bridge 587,21.0169993,92.2440274,256
N1,1001175,link,link 588,21.016041299999998,92.2446802,10
N1,1001176,bridge,bridge 588,21.0150833,92.245333,606
N1,1001177,link,link 589,21.0107222,92.2487219,91
N1,1001178,bridge,bridge 589,21.0101389,92.2492497,316
N1,1001179,link,link 590,21.0090139,92.25012484999999,10
N1,1001180,bridge,bridge 590,21.0078889,92.251,200
N1,1001181,link,link 591,21.007166650000002,92.25154165000001,10
N1,1001182,bridge,bridge 591,21.0064444,92.2520833,424
N1,1001183,link,link 592,21.0029444,92.2531944,444
N1,1001184,bridge,bridge 592,20.9990274,92.2537778,552
N1,1001185,link,link 593,20.99663855,92.2541528,10
N1,1001186,bridge,bridge 593,20.9942497,92.2545278,33
N1,1001187,link,link 594,20.9940274,92.2546111,742
N1,1001188,bridge,bridge 594,20.9875274,92.2545556,276
N1,1001189,link,link 595,20.9852774,92.2536389,891
N1,1001190,bridge,bridge 595,20.9778049,92.25075,108
N1,1001191,link,link 596,20.9769438,92.2502222,860
N1,1001192,bridge,bridge 596,20.9697216,92.2485552,174
N1,1001193,link,link 597,20.9682771,92.2488052,118
N1,1001194,bridge,bridge 597,20.9673604,92.2491663,379
N1,1001195,link,link 598,20.96611075,92.25034705,10
N1,1001196,bridge,bridge 598,20.9648611,92.2515278,322
N1,1001197,link,link 599,20.96356945,92.25220835,10
N1,1001198,bridge,bridge 599,20.9622778,92.2528889,199
N1,1001199,link,link 600,20.9606389,92.2535,302
N1,1001200,bridge,bridge 600,20.9580833,92.2543056,169
N1,1001201,link,link 601,20.957375,92.2545556,10
N1,1001202,bridge,bridge 601,20.9566667,92.2548056,336
N1,1001203,link,link 602,20.955277799999998,92.2553889,10
N1,1001204,bridge,bridge 602,20.9538889,92.2559722,93
N1,1001205,link,link 603,20.9535278,92.256125,10
N1,1001206,bridge,bridge 603,20.9531667,92.2562778,120
N1,1001207,link,link 604,20.95270835,92.25644445,10
N1,1001208,bridge,bridge 604,20.95225,92.2566111,15
N1,1001209,link,link 605,20.9521667,92.2566944,335
N1,1001210,bridge,bridge 605,20.94957125079681,92.25817740896414,166
N1,1001211,link,link 606,20.948924325398405,92.25854705448208,10
N1,1001212,bridge,bridge 606,20.9482774,92.2589167,376
N1,1001213,link,link 607,20.94709685,92.259625,10
N1,1001214,bridge,bridge 607,20.9459163,92.2603333,186
N1,1001215,link,link 608,20.9445552,92.2603333,99
N1,1001216,bridge,bridge 608,20.9436941,92.2603056,751
N1,1001217,link,link 609,20.940541349999997,92.26131945,10
N1,1001218,bridge,bridge 609,20.9373886,92.2623333,149
N1,1001219,link,link 610,20.9361663,92.2628611,12
N1,1001220,bridge,bridge 610,20.9361108,92.2628611,165
N1,1001221,link,link 611,20.93538855,92.2630139,10
N1,1001222,bridge,bridge 611,20.9346663,92.2631667,40
N1,1001223,link,link 612,20.93449965,92.26320835,10
N1,1001224,bridge,bridge 612,20.934333,92.26325,149
N1,1001225,link,link 613,20.93369395,92.263375,10
N1,1001226,bridge,bridge 613,20.9330549,92.2635,388
N1,1001227,link,link 614,20.93136045,92.26380555,10
N1,1001228,bridge,bridge 614,20.929666,92.2641111,293
N1,1001229,link,link 615,20.9270827,92.2644444,380
N1,1001230,bridge,bridge 615,20.9238882,92.2653889,581
N1,1001231,link,link 616,20.92173545,92.26690245,10
N1,1001232,bridge,bridge 616,20.9195827,92.268416,72
N1,1001233,link,link 617,20.919291,92.2685271,10
N1,1001234,bridge,bridge 617,20.9189993,92.2686382,29
N1,1001235,link,link 618,20.9187771,92.2687771,140
N1,1001236,bridge,bridge 618,20.9176382,92.2692493,254
N1,1001237,link,link 619,20.916680200000002,92.2698743,10
N1,1001238,bridge,bridge 619,20.9157222,92.2704993,269
N1,1001239,link,link 620,20.91468055,92.27117985,10
N1,1001240,bridge,bridge 620,20.9136389,92.2718604,83
N1,1001241,link,link 621,20.91345835,92.2720271,10
N1,1001242,bridge,bridge 621,20.9132778,92.2721938,117
N1,1001243,link,link 622,20.91283335,92.2725827,10
N1,1001244,bridge,bridge 622,20.9123889,92.2729716,25
N1,1001245,link,link 623,20.9122222,92.2729438,446
N1,1001246,bridge,bridge 623,20.9088889,92.275166,285
N1,1001247,link,link 624,20.907819449999998,92.27583265,10
N1,1001248,bridge,bridge 624,20.90675,92.2764993,122
N1,1001249,link,link 625,20.9063472,92.27680484999999,10
N1,1001250,bridge,bridge 625,20.9059444,92.2771104,145
N1,1001251,link,link 626,20.9048333,92.277916,16
N1,1001252,bridge,bridge 626,20.9047222,92.2779716,194
N1,1001253,link,link 627,20.904027749999997,92.27845769999999,10
N1,1001254,bridge,bridge 627,20.9033333,92.2789438,103
N1,1001255,link,link 628,20.90302775,92.2791799,10
N1,1001256,bridge,bridge 628,20.9027222,92.279416,310
N1,1001257,link,link 629,20.90152775,92.28006880000001,10
N1,1001258,bridge,bridge 629,20.9003333,92.2807216,149
N1,1001259,link,link 630,20.899888699999998,92.28122160000001,10
N1,1001260,bridge,bridge 630,20.8994441,92.2817216,164
N1,1001261,link,link 631,20.898958,92.282291,10
N1,1001262,bridge,bridge 631,20.8984719,92.2828604,61
N1,1001263,link,link 632,20.8981108,92.2832493,22
N1,1001264,bridge,bridge 632,20.8980274,92.283333,52
N1,1001265,link,link 633,20.897888549999998,92.28351355000001,10
N1,1001266,bridge,bridge 633,20.8977497,92.2836941,209
N1,1001267,link,link 634,20.897333,92.2845691,10
N1,1001268,bridge,bridge 634,20.8969163,92.2854441,79
N1,1001269,link,link 635,20.89673575,92.28576355000001,10
N1,1001270,bridge,bridge 635,20.8965552,92.286083,218
N1,1001271,link,link 636,20.895958,92.28690245,10
N1,1001272,bridge,bridge 636,20.8953608,92.2877219,84
N1,1001273,link,link 637,20.895083,92.287958,10
N1,1001274,bridge,bridge 637,20.8948052,92.2881941,103
N1,1001275,link,link 638,20.8944441,92.28848575,10
N1,1001276,bridge,bridge 638,20.894083,92.2887774,129
N1,1001277,link,link 639,20.8936802,92.289208,10
N1,1001278,bridge,bridge 639,20.8932774,92.2896386,79
N1,1001279,link,link 640,20.8930274,92.28988860000001,10
N1,1001280,bridge,bridge 640,20.8927774,92.2901386,20
N1,1001281,link,link 641,20.8926386,92.2902774,171
N1,1001282,bridge,bridge 641,20.8919163,92.2916663,75
N1,1001283,link,link 642,20.891833,92.2923052,742
N1,1001284,bridge,bridge 642,20.8889163,92.2982497,272
N1,1001285,link,link 643,20.8869441,92.2996386,133
N1,1001286,bridge,bridge 643,20.8858608,92.2991941,473
N1,1001287,link,link 644,20.88394395,92.29848575,10
N1,1001288,bridge,bridge 644,20.8820271,92.2977774,430
N1,1001289,link,link 645,20.8782216,92.2977774,163
N1,1001290,bridge,bridge 645,20.8768604,92.2978886,836
N1,1001291,link,link 646,20.8692771,92.2981386,50
N1,1001292,bridge,bridge 646,20.8688604,92.2982219,427
N1,1001293,link,link 647,20.866944099999998,92.2982358,10
N1,1001294,bridge,bridge 647,20.8650278,92.2982497,220
N1,1001295,link,link 648,20.8629722,92.298083,129
N1,1001296,sink,sink,20.8629167,92.298083,0
